Date_reported,Country_code,Country,WHO_region,New_cases,Cumulative_cases,New_deaths,Cumulative_deaths
2021/12/7,AD,Andorra,EURO,621,18631,1,133
2021/12/7,AE,United Arab Emirates,EMRO,48,742376,1,2149
2021/12/7,AF,Afghanistan,EMRO,45,157499,4,7316
2021/12/7,AG,Antigua and Barbuda,AMRO,1,4148,0,117
2021/12/7,AI,Anguilla,AMRO,0,1414,0,3
2021/12/7,AL,Albania,EURO,172,201902,5,3115
2021/12/7,AM,Armenia,EURO,240,341058,27,7718
2021/12/7,AO,Angola,AFRO,21,65280,0,1735
2021/12/7,AR,Argentina,AMRO,1294,5340676,3,116646
2021/12/7,AS,American Samoa,WPRO,0,10,0,0
2021/12/7,AT,Austria,EURO,4645,1201121,69,12498
2021/12/7,AU,Australia,WPRO,1296,219118,6,2056
2021/12/7,AW,Aruba,AMRO,58,16450,0,174
2021/12/7,AZ,Azerbaijan,EURO,585,596973,16,7983
2021/12/7,BA,Bosnia and Herzegovina,EURO,267,278511,53,12780
2021/12/7,BB,Barbados,AMRO,130,26094,3,237
2021/12/7,BD,Bangladesh,SEARO,0,1577720,0,28005
2021/12/7,BE,Belgium,EURO,4,1868906,8,27319
2021/12/7,BF,Burkina Faso,AFRO,0,16000,0,286
2021/12/7,BG,Bulgaria,EURO,2426,705586,208,29060
2021/12/7,BH,Bahrain,EMRO,25,277856,0,1394
2021/12/7,BI,Burundi,AFRO,50,20523,0,14
2021/12/7,BJ,Benin,AFRO,0,24863,0,161
2021/12/7,BL,Saint Barth¨¦lemy,AMRO,0,1674,0,4
2021/12/7,BM,Bermuda,AMRO,0,5753,0,106
2021/12/7,BN,Brunei Darussalam,WPRO,16,15202,0,57
2021/12/7,BO,Bolivia (Plurinational State of),AMRO,531,543390,7,19222
2021/12/7,BR,Brazil,AMRO,4844,22143091,66,615636
2021/12/7,BS,Bahamas,AMRO,3,22839,0,705
2021/12/7,BT,Bhutan,SEARO,0,2641,0,3
2021/12/7,BW,Botswana,AFRO,250,195552,1,2420
2021/12/7,BY,Belarus,EURO,1312,665125,14,5176
2021/12/7,BZ,Belize,AMRO,0,30680,0,588
2021/12/7,CA,Canada,AMRO,0,1802359,0,29757
2021/12/7,CD,Democratic Republic of the Congo,AFRO,317,59175,0,1113
2021/12/7,CF,Central African Republic,AFRO,0,11742,0,101
2021/12/7,CG,Congo,AFRO,96,19066,5,359
2021/12/7,CH,Switzerland,EURO,9,1063475,0,11201
2021/12/7,CI,C?te d¡¯Ivoire,AFRO,2,61826,0,706
2021/12/7,CK,Cook Islands,WPRO,0,1,0,0
2021/12/7,CL,Chile,AMRO,1501,1774048,30,38531
2021/12/7,CM,Cameroon,AFRO,0,107148,0,1804
2021/12/7,CN,China,WPRO,109,128502,0,5697
2021/12/7,CO,Colombia,AMRO,2077,5081064,47,128780
2021/12/7,CR,Costa Rica,AMRO,0,567383,0,7312
2021/12/7,CU,Cuba,AMRO,104,963194,1,8310
2021/12/7,CV,Cabo Verde,AFRO,3,38453,0,351
2021/12/7,CW,Cura?ao,AMRO,45,17485,0,179
2021/12/7,CY,Cyprus,EURO,706,137538,1,602
2021/12/7,CZ,Czechia,EURO,15541,2262666,54,33902
2021/12/7,DE,Germany,EURO,36059,6222020,399,103520
2021/12/7,DJ,Djibouti,EMRO,0,13508,1,188
2021/12/7,DK,Denmark,EURO,7146,516257,10,2956
2021/12/7,DM,Dominica,AMRO,0,5776,0,37
2021/12/7,DO,Dominican Republic,AMRO,232,408748,0,4212
2021/12/7,DZ,Algeria,AFRO,193,211662,8,6111
2021/12/7,EC,Ecuador,AMRO,175,529349,0,33484
2021/12/7,EE,Estonia,EURO,543,225837,1,1826
2021/12/7,EG,Egypt,EMRO,871,364033,43,20770
2021/12/7,ER,Eritrea,AFRO,26,7484,0,61
2021/12/7,ES,Spain,EURO,0,5189221,0,88122
2021/12/7,ET,Ethiopia,AFRO,119,372334,4,6804
2021/12/7,FI,Finland,EURO,1542,196180,0,1383
2021/12/7,FJ,Fiji,WPRO,10,52562,0,697
2021/12/7,FK,Falkland Islands (Malvinas),AMRO,0,79,0,0
2021/12/7,FO,Faroe Islands,EURO,41,3957,0,13
2021/12/7,FR,France,EURO,8530,7690768,0,117049
2021/12/7,GA,Gabon,AFRO,169,37511,2,281
2021/12/7,GB,The United Kingdom,EURO,50850,10515243,41,145646
2021/12/7,GD,Grenada,AMRO,0,5908,0,200
2021/12/7,GE,Georgia,EURO,4509,871580,59,12466
2021/12/7,GF,French Guiana,AMRO,63,46205,1,329
2021/12/7,GG,Guernsey,EURO,47,4633,0,23
2021/12/7,GH,Ghana,AFRO,326,131246,19,1228
2021/12/7,GI,Gibraltar,EURO,5,7376,1,100
2021/12/7,GL,Greenland,EURO,39,1621,0,0
2021/12/7,GM,Gambia,AFRO,0,9998,0,342
2021/12/7,GN,Guinea,AFRO,28,30798,1,388
2021/12/7,GP,Guadeloupe,AMRO,0,55080,0,823
2021/12/7,GQ,Equatorial Guinea,AFRO,0,13599,0,175
2021/12/7,GR,Greece,EURO,4927,971148,121,18716
2021/12/7,GT,Guatemala,AMRO,310,619852,6,15986
2021/12/7,GU,Guam,WPRO,2,15180,1,267
2021/12/7,GW,Guinea-Bissau,AFRO,0,6444,0,149
2021/12/7,GY,Guyana,AMRO,42,38160,2,1006
2021/12/7,HN,Honduras,AMRO,0,378113,0,10413
2021/12/7,HR,Croatia,EURO,728,631765,51,11269
2021/12/7,HT,Haiti,AMRO,0,25638,0,750
2021/12/7,HU,Hungary,EURO,4311,1161879,224,35835
2021/12/7,ID,Indonesia,SEARO,261,4258076,17,143893
2021/12/7,IE,Ireland,EURO,2911,597161,0,5707
2021/12/7,IL,Israel,EURO,719,1346845,0,8209
2021/12/7,IM,Isle of Man,EURO,108,12035,0,67
2021/12/7,IN,India,SEARO,6822,34648383,220,473757
2021/12/7,IQ,Iraq,EMRO,615,2084961,18,23903
2021/12/7,IR,Iran (Islamic Republic of),EMRO,3356,6137821,77,130277
2021/12/7,IS,Iceland,EURO,123,18765,0,35
2021/12/7,IT,Italy,EURO,9494,5118576,92,134287
2021/12/7,JE,Jersey,EURO,84,14842,1,82
2021/12/7,JM,Jamaica,AMRO,67,91536,0,2410
2021/12/7,JO,Jordan,EMRO,5811,981767,26,11787
2021/12/7,JP,Japan,WPRO,73,1728015,1,18365
2021/12/7,KE,Kenya,AFRO,32,255469,0,5335
2021/12/7,KG,Kyrgyzstan,EURO,63,183712,2,2762
2021/12/7,KH,Cambodia,WPRO,16,120272,3,2963
2021/12/7,KM,Comoros,AFRO,1,4543,0,150
2021/12/7,KN,Saint Kitts and Nevis,AMRO,0,2790,0,28
2021/12/7,KR,Republic of Korea,WPRO,4954,482310,64,3957
2021/12/7,KW,Kuwait,EMRO,33,413524,0,2465
2021/12/7,KY,Cayman Islands,AMRO,0,7529,0,7
2021/12/7,KZ,Kazakhstan,EURO,551,1059309,10,17958
2021/12/7,LA,Lao People's Democratic Republic,WPRO,889,80722,3,210
2021/12/7,LB,Lebanon,EMRO,797,679598,10,8785
2021/12/7,LC,Saint Lucia,AMRO,14,13048,0,282
2021/12/7,LI,Liechtenstein,EURO,0,5053,0,59
2021/12/7,LK,Sri Lanka,SEARO,0,568423,0,14484
2021/12/7,LR,Liberia,AFRO,0,5829,0,287
2021/12/7,LS,Lesotho,AFRO,0,21838,0,663
2021/12/7,LT,Lithuania,EURO,2148,482458,24,6886
2021/12/7,LU,Luxembourg,EURO,105,91709,1,885
2021/12/7,LV,Latvia,EURO,230,257559,10,4277
2021/12/7,LY,Libya,EMRO,479,375468,6,5499
2021/12/7,MA,Morocco,EMRO,52,950643,0,14788
2021/12/7,MC,Monaco,EURO,17,3902,0,36
2021/12/7,MD,Republic of Moldova,EURO,495,366751,27,9244
2021/12/7,ME,Montenegro,EURO,152,158622,5,2331
2021/12/7,MF,Saint Martin,AMRO,0,4040,0,38
2021/12/7,MG,Madagascar,AFRO,0,44330,0,967
2021/12/7,MH,Marshall Islands,WPRO,0,4,0,0
2021/12/7,MK,North Macedonia,EURO,101,217400,13,7658
2021/12/7,ML,Mali,AFRO,56,17972,0,618
2021/12/7,MM,Myanmar,SEARO,0,524638,0,19146
2021/12/7,MN,Mongolia,WPRO,0,383559,0,1944
2021/12/7,MP,Northern Mariana Islands (Commonwealth of the),WPRO,78,1182,0,5
2021/12/7,MQ,Martinique,AMRO,0,45811,0,724
2021/12/7,MR,Mauritania,AFRO,26,39584,2,842
2021/12/7,MS,Montserrat,AMRO,0,44,0,1
2021/12/7,MT,Malta,EURO,81,40012,0,468
2021/12/7,MU,Mauritius,AFRO,0,56306,0,594
2021/12/7,MV,Maldives,SEARO,0,92368,0,255
2021/12/7,MW,Malawi,AFRO,16,61997,0,2307
2021/12/7,MX,Mexico,AMRO,970,3901263,48,295203
2021/12/7,MY,Malaysia,WPRO,4262,2663034,38,30652
2021/12/7,MZ,Mozambique,AFRO,76,152000,0,1941
2021/12/7,NA,Namibia,AFRO,0,129508,0,3573
2021/12/7,NC,New Caledonia,WPRO,24,12409,0,279
2021/12/7,NE,Niger,AFRO,11,7091,3,264
2021/12/7,NG,Nigeria,AFRO,167,214789,0,2980
2021/12/7,NI,Nicaragua,AMRO,0,13397,0,213
2021/12/7,NL,Netherlands,EURO,21053,2772919,34,19702
2021/12/7,NO,Norway,EURO,389,285488,3,1096
2021/12/7,NP,Nepal,SEARO,272,823102,2,11545
2021/12/7,NZ,New Zealand,WPRO,99,12058,0,44
2021/12/7,OM,Oman,EMRO,9,304612,0,4113
2021/12/7,PA,Panama,AMRO,222,479053,1,7374
2021/12/7,PE,Peru,AMRO,769,2243415,19,201379
2021/12/7,PF,French Polynesia,WPRO,8,46332,0,636
2021/12/7,PG,Papua New Guinea,WPRO,91,35662,23,573
2021/12/7,PH,Philippines,WPRO,543,2835154,113,49499
2021/12/7,PK,Pakistan,EMRO,336,1287161,10,28777
2021/12/7,PL,Poland,EURO,19369,3704040,505,86205
2021/12/7,PM,Saint Pierre and Miquelon,AMRO,0,88,0,0
2021/12/7,PR,Puerto Rico,AMRO,72,188891,0,3273
2021/12/7,PS,"occupied Palestinian territory, including east Jerusalem",EMRO,402,462621,5,4822
2021/12/7,PT,Portugal,EURO,2216,1169003,14,18551
2021/12/7,PW,Palau,WPRO,0,8,0,0
2021/12/7,PY,Paraguay,AMRO,57,463372,1,16478
2021/12/7,QA,Qatar,EMRO,164,244387,0,611
2021/12/7,RE,R¨¦union,AFRO,2675,63863,7,391
2021/12/7,RO,Romania,EURO,803,1786839,54,57153
2021/12/7,RS,Serbia,EURO,1565,1265228,38,11955
2021/12/7,RU,Russian Federation,EURO,31096,9864845,1182,283644
2021/12/7,RW,Rwanda,AFRO,15,100429,0,1343
2021/12/7,SA,Saudi Arabia,EMRO,43,549955,1,8845
2021/12/7,SB,Solomon Islands,WPRO,0,20,0,0
2021/12/7,SC,Seychelles,AFRO,25,23689,0,122
2021/12/7,SD,Sudan,EMRO,95,44170,0,3200
2021/12/7,SE,Sweden,EURO,0,1212145,0,15170
2021/12/7,SG,Singapore,WPRO,662,269873,4,763
2021/12/7,SI,Slovenia,EURO,775,430839,0,5680
2021/12/7,SK,Slovakia,EURO,7049,739544,104,15004
2021/12/7,SL,Sierra Leone,AFRO,3,6405,0,121
2021/12/7,SM,San Marino,EURO,91,6308,0,94
2021/12/7,SN,Senegal,AFRO,7,74031,0,1886
2021/12/7,SO,Somalia,EMRO,0,23051,0,1331
2021/12/7,SR,Suriname,AMRO,16,51009,1,1171
2021/12/7,SS,South Sudan,AFRO,3,12826,0,133
2021/12/7,ST,Sao Tome and Principe,AFRO,0,3733,0,56
2021/12/7,SV,El Salvador,AMRO,0,119803,3,3786
2021/12/7,SX,Sint Maarten,AMRO,1,4594,0,75
2021/12/7,SY,Syrian Arab Republic,EMRO,90,48709,5,2782
2021/12/7,SZ,Eswatini,AFRO,347,47851,0,1248
2021/12/7,TC,Turks and Caicos Islands,AMRO,4,3107,0,25
2021/12/7,TD,Chad,AFRO,0,5703,0,181
2021/12/7,TG,Togo,AFRO,11,26315,0,243
2021/12/7,TH,Thailand,SEARO,3525,2148766,31,20997
2021/12/7,TJ,Tajikistan,EURO,0,17493,0,125
2021/12/7,TL,Timor-Leste,SEARO,1,19829,0,122
2021/12/7,TN,Tunisia,EMRO,55,718498,2,25403
2021/12/7,TR,Turkey,EURO,20033,8921150,187,78017
2021/12/7,TT,Trinidad and Tobago,AMRO,601,75134,26,2262
2021/12/7,TZ,United Republic of Tanzania,AFRO,0,26270,0,730
2021/12/7,UA,Ukraine,EURO,8655,3510610,466,88986
2021/12/7,UG,Uganda,AFRO,19,127775,2,3258
2021/12/7,US,United States of America,AMRO,39928,48786421,175,782025
2021/12/7,UY,Uruguay,AMRO,104,400925,2,6134
2021/12/7,UZ,Uzbekistan,EURO,147,194703,3,1424
2021/12/7,VA,Holy See,EURO,0,26,0,0
2021/12/7,VC,Saint Vincent and the Grenadines,AMRO,0,5623,0,76
2021/12/7,VE,Venezuela (Bolivarian Republic of),AMRO,785,434918,7,5193
2021/12/7,VG,British Virgin Islands,AMRO,0,2816,0,38
2021/12/7,VI,United States Virgin Islands,AMRO,10,7549,0,87
2021/12/7,VN,Viet Nam,WPRO,14591,1323683,223,26483
2021/12/7,VU,Vanuatu,WPRO,0,5,0,0
2021/12/7,WF,Wallis and Futuna,WPRO,0,454,0,7
2021/12/7,XA,Bonaire,AMRO,43,2998,0,22
2021/12/7,XB,Sint Eustatius,AMRO,0,31,0,0
2021/12/7,XC,Saba,AMRO,0,12,0,0
2021/12/7,XK,Kosovo[1],EURO,4,161096,0,2975
2021/12/7,YE,Yemen,EMRO,9,10034,1,1955
2021/12/7,YT,Mayotte,AFRO,40,21043,0,185
2021/12/7,ZA,South Africa,AFRO,6381,3038075,9,89975
2021/12/7,ZM,Zambia,AFRO,15,210327,1,3668
2021/12/7,ZW,Zimbabwe,AFRO,0,139046,0,4710
